cigar,19/06/2021
rebut,20/06/2021
sissy,21/06/2021
humph,22/06/2021
awake,23/06/2021
blush,24/06/2021
focal,25/06/2021
evade,26/06/2021
naval,27/06/2021
serve,28/06/2021
heath,29/06/2021
dwarf,30/06/2021
model,01/07/2021
karma,02/07/2021
stink,03/07/2021
grade,04/07/2021
quiet,05/07/2021
bench,06/07/2021
abate,07/07/2021
feign,08/07/2021
major,09/07/2021
death,10/07/2021
fresh,11/07/2021
crust,12/07/2021
stool,13/07/2021
colon,14/07/2021
abase,15/07/2021
marry,16/07/2021
react,17/07/2021
batty,18/07/2021
pride,19/07/2021
floss,20/07/2021
helix,21/07/2021
croak,22/07/2021
staff,23/07/2021
paper,24/07/2021
unfed,25/07/2021
whelp,26/07/2021
trawl,27/07/2021
outdo,28/07/2021
adobe,29/07/2021
crazy,30/07/2021
sower,31/07/2021
repay,01/08/2021
digit,02/08/2021
crate,03/08/2021
cluck,04/08/2021
spike,05/08/2021
mimic,06/08/2021
pound,07/08/2021
maxim,08/08/2021
linen,09/08/2021
unmet,10/08/2021
flesh,11/08/2021
booby,12/08/2021
forth,13/08/2021
first,14/08/2021
stand,15/08/2021
belly,16/08/2021
ivory,17/08/2021
seedy,18/08/2021
print,19/08/2021
yearn,20/08/2021
drain,21/08/2021
bribe,22/08/2021
stout,23/08/2021
panel,24/08/2021
crass,25/08/2021
flume,26/08/2021
offal,27/08/2021
agree,28/08/2021
error,29/08/2021
swirl,30/08/2021
argue,31/08/2021
bleed,01/09/2021
delta,02/09/2021
flick,03/09/2021
totem,04/09/2021
wooer,05/09/2021
front,06/09/2021
shrub,07/09/2021
parry,08/09/2021
biome,09/09/2021
lapel,10/09/2021
start,11/09/2021
greet,12/09/2021
goner,13/09/2021
golem,14/09/2021
lusty,15/09/2021
loopy,16/09/2021
round,17/09/2021
audit,18/09/2021
lying,19/09/2021
gamma,20/09/2021
labor,21/09/2021
islet,22/09/2021
civic,23/09/2021
forge,24/09/2021
corny,25/09/2021
moult,26/09/2021
basic,27/09/2021
salad,28/09/2021
agate,29/09/2021
spicy,30/09/2021
spray,01/10/2021
essay,02/10/2021
fjord,03/10/2021
spend,04/10/2021
kebab,05/10/2021
guild,06/10/2021
aback,07/10/2021
motor,08/10/2021
alone,09/10/2021
hatch,10/10/2021
hyper,11/10/2021
thumb,12/10/2021
dowry,13/10/2021
ought,14/10/2021
belch,15/10/2021
dutch,16/10/2021
pilot,17/10/2021
tweed,18/10/2021
comet,19/10/2021
jaunt,20/10/2021
enema,21/10/2021
steed,22/10/2021
abyss,23/10/2021
growl,24/10/2021
fling,25/10/2021
dozen,26/10/2021
boozy,27/10/2021
erode,28/10/2021
world,29/10/2021
gouge,30/10/2021
click,31/10/2021
briar,01/11/2021
great,02/11/2021
altar,03/11/2021
pulpy,04/11/2021
blurt,05/11/2021
coast,06/11/2021
duchy,07/11/2021
groin,08/11/2021
fixer,09/11/2021
group,10/11/2021
rogue,11/11/2021
badly,12/11/2021
smart,13/11/2021
pithy,14/11/2021
gaudy,15/11/2021
chill,16/11/2021
heron,17/11/2021
vodka,18/11/2021
finer,19/11/2021
surer,20/11/2021
radio,21/11/2021
rouge,22/11/2021
perch,23/11/2021
retch,24/11/2021
wrote,25/11/2021
clock,26/11/2021
tilde,27/11/2021
store,28/11/2021
prove,29/11/2021
bring,30/11/2021
solve,01/12/2021
cheat,02/12/2021
grime,03/12/2021
exult,04/12/2021
usher,05/12/2021
epoch,06/12/2021
triad,07/12/2021
break,08/12/2021
rhino,09/12/2021
viral,10/12/2021
conic,11/12/2021
masse,12/12/2021
sonic,13/12/2021
vital,14/12/2021
trace,15/12/2021
using,16/12/2021
peach,17/12/2021
champ,18/12/2021
baton,19/12/2021
brake,20/12/2021
pluck,21/12/2021
craze,22/12/2021
gripe,23/12/2021
weary,24/12/2021
picky,25/12/2021
acute,26/12/2021
ferry,27/12/2021
aside,28/12/2021
tapir,29/12/2021
troll,30/12/2021
unify,31/12/2021
rebus,01/01/2022
boost,02/01/2022
truss,03/01/2022
siege,04/01/2022
tiger,05/01/2022
banal,06/01/2022
slump,07/01/2022
crank,08/01/2022
gorge,09/01/2022
query,10/01/2022
drink,11/01/2022
favor,12/01/2022
abbey,13/01/2022
tangy,14/01/2022
panic,15/01/2022
solar,16/01/2022
shire,17/01/2022
proxy,18/01/2022
point,19/01/2022
robot,20/01/2022
prick,21/01/2022
wince,22/01/2022
crimp,23/01/2022
knoll,24/01/2022
sugar,25/01/2022
whack,26/01/2022
mount,27/01/2022
perky,28/01/2022
could,29/01/2022
wrung,30/01/2022
light,31/01/2022
those,01/02/2022
moist,02/02/2022
shard,03/02/2022
pleat,04/02/2022
aloft,05/02/2022
skill,06/02/2022
elder,07/02/2022
frame,08/02/2022
humor,09/02/2022
pause,10/02/2022
ulcer,11/02/2022
ultra,12/02/2022
robin,13/02/2022
cynic,14/02/2022
agora,15/02/2022
aroma,16/02/2022
caulk,17/02/2022
shake,18/02/2022
pupal,19/02/2022
dodge,20/02/2022
swill,21/02/2022
tacit,22/02/2022
other,23/02/2022
thorn,24/02/2022
trove,25/02/2022
bloke,26/02/2022
vivid,27/02/2022
spill,28/02/2022
chant,01/03/2022
choke,02/03/2022
rupee,03/03/2022
nasty,04/03/2022
mourn,05/03/2022
ahead,06/03/2022
brine,07/03/2022
cloth,08/03/2022
hoard,09/03/2022
sweet,10/03/2022
month,11/03/2022
lapse,12/03/2022
watch,13/03/2022
today,14/03/2022
focus,15/03/2022
smelt,16/03/2022
tease,17/03/2022
cater,18/03/2022
movie,19/03/2022
lynch,20/03/2022
saute,21/03/2022
allow,22/03/2022
renew,23/03/2022
their,24/03/2022
slosh,25/03/2022
purge,26/03/2022
chest,27/03/2022
depot,28/03/2022
epoxy,29/03/2022
nymph,30/03/2022
found,31/03/2022
shall,01/04/2022
harry,02/04/2022
stove,03/04/2022
lowly,04/04/2022
snout,05/04/2022
trope,06/04/2022
fewer,07/04/2022
shawl,08/04/2022
natal,09/04/2022
fibre,10/04/2022
comma,11/04/2022
foray,12/04/2022
scare,13/04/2022
stair,14/04/2022
black,15/04/2022
squad,16/04/2022
royal,17/04/2022
chunk,18/04/2022
mince,19/04/2022
slave,20/04/2022
shame,21/04/2022
cheek,22/04/2022
ample,23/04/2022
flair,24/04/2022
foyer,25/04/2022
cargo,26/04/2022
oxide,27/04/2022
plant,28/04/2022
olive,29/04/2022
inert,30/04/2022
askew,01/05/2022
heist,02/05/2022
shown,03/05/2022
zesty,04/05/2022
hasty,05/05/2022
trash,06/05/2022
fella,07/05/2022
larva,08/05/2022
forgo,09/05/2022
story,10/05/2022
hairy,11/05/2022
train,12/05/2022
homer,13/05/2022
badge,14/05/2022
midst,15/05/2022
canny,16/05/2022
fetus,17/05/2022
butch,18/05/2022
farce,19/05/2022
slung,20/05/2022
tipsy,21/05/2022
metal,22/05/2022
yield,23/05/2022
delve,24/05/2022
being,25/05/2022
scour,26/05/2022
glass,27/05/2022
gamer,28/05/2022
scrap,29/05/2022
money,30/05/2022
hinge,31/05/2022
album,01/06/2022
vouch,02/06/2022
asset,03/06/2022
tiara,04/06/2022
crept,05/06/2022
bayou,06/06/2022
atoll,07/06/2022
manor,08/06/2022
creak,09/06/2022
showy,10/06/2022
phase,11/06/2022
froth,12/06/2022
depth,13/06/2022
gloom,14/06/2022
flood,15/06/2022
trait,16/06/2022
girth,17/06/2022
piety,18/06/2022
payer,19/06/2022
goose,20/06/2022
float,21/06/2022
donor,22/06/2022
atone,23/06/2022
primo,24/06/2022
apron,25/06/2022
blown,26/06/2022
cacao,27/06/2022
loser,28/06/2022
input,29/06/2022
gloat,30/06/2022
awful,01/07/2022
brink,02/07/2022
smite,03/07/2022
beady,04/07/2022
rusty,05/07/2022
retro,06/07/2022
droll,07/07/2022
gawky,08/07/2022
hutch,09/07/2022
pinto,10/07/2022
gaily,11/07/2022
egret,12/07/2022
lilac,13/07/2022
sever,14/07/2022
field,15/07/2022
fluff,16/07/2022
hydro,17/07/2022
flack,18/07/2022
agape,19/07/2022
wench,20/07/2022
voice,21/07/2022
stead,22/07/2022
stalk,23/07/2022
berth,24/07/2022
madam,25/07/2022
night,26/07/2022
bland,27/07/2022
liver,28/07/2022
wedge,29/07/2022
augur,30/07/2022
roomy,31/07/2022
wacky,01/08/2022
flock,02/08/2022
angry,03/08/2022
bobby,04/08/2022
trite,05/08/2022
aphid,06/08/2022
tryst,07/08/2022
midge,08/08/2022
power,09/08/2022
elope,10/08/2022
cinch,11/08/2022
motto,12/08/2022
stomp,13/08/2022
upset,14/08/2022
bluff,15/08/2022
cramp,16/08/2022
quart,17/08/2022
coyly,18/08/2022
youth,19/08/2022
rhyme,20/08/2022
buggy,21/08/2022
alien,22/08/2022
smear,23/08/2022
unfit,24/08/2022
patty,25/08/2022
cling,26/08/2022
glean,27/08/2022
label,28/08/2022
hunky,29/08/2022
khaki,30/08/2022
poker,31/08/2022
gruel,01/09/2022
twice,02/09/2022
twang,03/09/2022
shrug,04/09/2022
treat,05/09/2022
unlit,06/09/2022
waste,07/09/2022
merit,08/09/2022
woven,09/09/2022
octal,10/09/2022
needy,11/09/2022
clown,12/09/2022
widow,13/09/2022
irony,14/09/2022
ruder,15/09/2022
gauze,16/09/2022
chief,17/09/2022
onset,18/09/2022
prize,19/09/2022
fungi,20/09/2022
charm,21/09/2022
gully,22/09/2022
inter,23/09/2022
whoop,24/09/2022
taunt,25/09/2022
leery,26/09/2022
class,27/09/2022
theme,28/09/2022
lofty,29/09/2022
tibia,30/09/2022
booze,01/10/2022
alpha,02/10/2022
thyme,03/10/2022
eclat,04/10/2022
doubt,05/10/2022
parer,06/10/2022
chute,07/10/2022
stick,08/10/2022
trice,09/10/2022
alike,10/10/2022
sooth,11/10/2022
recap,12/10/2022
saint,13/10/2022
liege,14/10/2022
glory,15/10/2022
grate,16/10/2022
admit,17/10/2022
brisk,18/10/2022
soggy,19/10/2022
usurp,20/10/2022
scald,21/10/2022
scorn,22/10/2022
leave,23/10/2022
twine,24/10/2022
sting,25/10/2022
bough,26/10/2022
marsh,27/10/2022
sloth,28/10/2022
dandy,29/10/2022
vigor,30/10/2022
howdy,31/10/2022
enjoy,01/11/2022
valid,02/11/2022
ionic,03/11/2022
equal,04/11/2022
unset,05/11/2022
floor,06/11/2022
catch,07/11/2022
spade,08/11/2022
stein,09/11/2022
exist,10/11/2022
quirk,11/11/2022
denim,12/11/2022
grove,13/11/2022
spiel,14/11/2022
mummy,15/11/2022
fault,16/11/2022
foggy,17/11/2022
flout,18/11/2022
carry,19/11/2022
sneak,20/11/2022
libel,21/11/2022
waltz,22/11/2022
aptly,23/11/2022
piney,24/11/2022
inept,25/11/2022
aloud,26/11/2022
photo,27/11/2022
dream,28/11/2022
stale,29/11/2022
vomit,30/11/2022
ombre,01/12/2022
fanny,02/12/2022
unite,03/12/2022
snarl,04/12/2022
baker,05/12/2022
there,06/12/2022
glyph,07/12/2022
pooch,08/12/2022
hippy,09/12/2022
spell,10/12/2022
folly,11/12/2022
louse,12/12/2022
gulch,13/12/2022
vault,14/12/2022
godly,15/12/2022
threw,16/12/2022
fleet,17/12/2022
grave,18/12/2022
inane,19/12/2022
shock,20/12/2022
crave,21/12/2022
spite,22/12/2022
valve,23/12/2022
skimp,24/12/2022
claim,25/12/2022
rainy,26/12/2022
musty,27/12/2022
pique,28/12/2022
daddy,29/12/2022
quasi,30/12/2022
arise,31/12/2022
aging,01/01/2023
valet,02/01/2023
opium,03/01/2023
avert,04/01/2023
stuck,05/01/2023
recut,06/01/2023
mulch,07/01/2023
genre,08/01/2023
plume,09/01/2023
rifle,10/01/2023
count,11/01/2023
incur,12/01/2023
total,13/01/2023
wrest,14/01/2023
mocha,15/01/2023
deter,16/01/2023
study,17/01/2023
lover,18/01/2023
safer,19/01/2023
rivet,20/01/2023
funny,21/01/2023
smoke,22/01/2023
mound,23/01/2023
undue,24/01/2023
sedan,25/01/2023
pagan,26/01/2023
swine,27/01/2023
guile,28/01/2023
gusty,29/01/2023
equip,30/01/2023
tough,31/01/2023
canoe,01/02/2023
chaos,02/02/2023
covet,03/02/2023
human,04/02/2023
udder,05/02/2023
lunch,06/02/2023
blast,07/02/2023
stray,08/02/2023
manga,09/02/2023
melee,10/02/2023
lefty,11/02/2023
quick,12/02/2023
paste,13/02/2023
given,14/02/2023
octet,15/02/2023
risen,16/02/2023
groan,17/02/2023
leaky,18/02/2023
grind,19/02/2023
carve,20/02/2023
loose,21/02/2023
sadly,22/02/2023
spilt,23/02/2023
apple,24/02/2023
slack,25/02/2023
honey,26/02/2023
final,27/02/2023
sheen,28/02/2023
eerie,01/03/2023
minty,02/03/2023
slick,03/03/2023
derby,04/03/2023
wharf,05/03/2023
spelt,06/03/2023
coach,07/03/2023
erupt,08/03/2023
singe,09/03/2023
price,10/03/2023
spawn,11/03/2023
fairy,12/03/2023
jiffy,13/03/2023
filmy,14/03/2023
stack,15/03/2023
chose,16/03/2023
sleep,17/03/2023
ardor,18/03/2023
nanny,19/03/2023
niece,20/03/2023
woozy,21/03/2023
handy,22/03/2023
grace,23/03/2023
ditto,24/03/2023
stank,25/03/2023
cream,26/03/2023
usual,27/03/2023
diode,28/03/2023
valor,29/03/2023
angle,30/03/2023
ninja,31/03/2023
muddy,01/04/2023
chase,02/04/2023
reply,03/04/2023
prone,04/04/2023
spoil,05/04/2023
heart,06/04/2023
shade,07/04/2023
diner,08/04/2023
arson,09/04/2023
onion,10/04/2023
sleet,11/04/2023
dowel,12/04/2023
couch,13/04/2023
palsy,14/04/2023
bowel,15/04/2023
smile,16/04/2023
evoke,17/04/2023
creek,18/04/2023
lance,19/04/2023
eagle,20/04/2023
idiot,21/04/2023
siren,22/04/2023
built,23/04/2023
embed,24/04/2023
award,25/04/2023
dross,26/04/2023
annul,27/04/2023
goody,28/04/2023
frown,29/04/2023
patio,30/04/2023
laden,01/05/2023
humid,02/05/2023
elite,03/05/2023
lymph,04/05/2023
edify,05/05/2023
might,06/05/2023
reset,07/05/2023
visit,08/05/2023
gusto,09/05/2023
purse,10/05/2023
vapor,11/05/2023
crock,12/05/2023
write,13/05/2023
sunny,14/05/2023
loath,15/05/2023
chaff,16/05/2023
slide,17/05/2023
queer,18/05/2023
venom,19/05/2023
stamp,20/05/2023
sorry,21/05/2023
still,22/05/2023
acorn,23/05/2023
aping,24/05/2023
pushy,25/05/2023
tamer,26/05/2023
hater,27/05/2023
mania,28/05/2023
awoke,29/05/2023
brawn,30/05/2023
swift,31/05/2023
exile,01/06/2023
birch,02/06/2023
lucky,03/06/2023
freer,04/06/2023
risky,05/06/2023
ghost,06/06/2023
plier,07/06/2023
lunar,08/06/2023
winch,09/06/2023
snare,10/06/2023
nurse,11/06/2023
house,12/06/2023
borax,13/06/2023
nicer,14/06/2023
lurch,15/06/2023
exalt,16/06/2023
about,17/06/2023
savvy,18/06/2023
toxin,19/06/2023
tunic,20/06/2023
pried,21/06/2023
inlay,22/06/2023
chump,23/06/2023
lanky,24/06/2023
cress,25/06/2023
eater,26/06/2023
elude,27/06/2023
cycle,28/06/2023
kitty,29/06/2023
boule,30/06/2023
moron,01/07/2023
tenet,02/07/2023
place,03/07/2023
lobby,04/07/2023
plush,05/07/2023
vigil,06/07/2023
index,07/07/2023
blink,08/07/2023
clung,09/07/2023
qualm,10/07/2023
croup,11/07/2023
clink,12/07/2023
juicy,13/07/2023
stage,14/07/2023
decay,15/07/2023
nerve,16/07/2023
flier,17/07/2023
shaft,18/07/2023
crook,19/07/2023
clean,20/07/2023
china,21/07/2023
ridge,22/07/2023
vowel,23/07/2023
gnome,24/07/2023
snuck,25/07/2023
icing,26/07/2023
spiny,27/07/2023
rigor,28/07/2023
snail,29/07/2023
flown,30/07/2023
rabid,31/07/2023
prose,01/08/2023
thank,02/08/2023
poppy,03/08/2023
budge,04/08/2023
fiber,05/08/2023
moldy,06/08/2023
dowdy,07/08/2023
kneel,08/08/2023
track,09/08/2023
caddy,10/08/2023
quell,11/08/2023
dumpy,12/08/2023
paler,13/08/2023
swore,14/08/2023
rebar,15/08/2023
scuba,16/08/2023
splat,17/08/2023
flyer,18/08/2023
horny,19/08/2023
mason,20/08/2023
doing,21/08/2023
ozone,22/08/2023
amply,23/08/2023
molar,24/08/2023
ovary,25/08/2023
beset,26/08/2023
queue,27/08/2023
cliff,28/08/2023
magic,29/08/2023
truce,30/08/2023
sport,31/08/2023
fritz,01/09/2023
edict,02/09/2023
twirl,03/09/2023
verse,04/09/2023
llama,05/09/2023
eaten,06/09/2023
range,07/09/2023
whisk,08/09/2023
hovel,09/09/2023
rehab,10/09/2023
macaw,11/09/2023
sigma,12/09/2023
spout,13/09/2023
verve,14/09/2023
sushi,15/09/2023
dying,16/09/2023
fetid,17/09/2023
brain,18/09/2023
buddy,19/09/2023
thump,20/09/2023
scion,21/09/2023
candy,22/09/2023
chord,23/09/2023
basin,24/09/2023
march,25/09/2023
crowd,26/09/2023
arbor,27/09/2023
gayly,28/09/2023
musky,29/09/2023
stain,30/09/2023
dally,01/10/2023
bless,02/10/2023
bravo,03/10/2023
stung,04/10/2023
title,05/10/2023
ruler,06/10/2023
kiosk,07/10/2023
blond,08/10/2023
ennui,09/10/2023
layer,10/10/2023
fluid,11/10/2023
tatty,12/10/2023
score,13/10/2023
cutie,14/10/2023
zebra,15/10/2023
barge,16/10/2023
matey,17/10/2023
bluer,18/10/2023
aider,19/10/2023
shook,20/10/2023
river,21/10/2023
privy,22/10/2023
betel,23/10/2023
frisk,24/10/2023
bongo,25/10/2023
begun,26/10/2023
azure,27/10/2023
weave,28/10/2023
genie,29/10/2023
sound,30/10/2023
glove,31/10/2023
braid,01/11/2023
scope,02/11/2023
wryly,03/11/2023
rover,04/11/2023
assay,05/11/2023
ocean,06/11/2023
bloom,07/11/2023
irate,08/11/2023
later,09/11/2023
woken,10/11/2023
silky,11/11/2023
wreck,12/11/2023
dwelt,13/11/2023
slate,14/11/2023
smack,15/11/2023
solid,16/11/2023
amaze,17/11/2023
hazel,18/11/2023
wrist,19/11/2023
jolly,20/11/2023
globe,21/11/2023
flint,22/11/2023
rouse,23/11/2023
civil,24/11/2023
vista,25/11/2023
relax,26/11/2023
cover,27/11/2023
alive,28/11/2023
beech,29/11/2023
jetty,30/11/2023
bliss,01/12/2023
vocal,02/12/2023
often,03/12/2023
dolly,04/12/2023
eight,05/12/2023
joker,06/12/2023
since,07/12/2023
event,08/12/2023
ensue,09/12/2023
shunt,10/12/2023
diver,11/12/2023
poser,12/12/2023
worst,13/12/2023
sweep,14/12/2023
alley,15/12/2023
creed,16/12/2023
anime,17/12/2023
leafy,18/12/2023
bosom,19/12/2023
dunce,20/12/2023
stare,21/12/2023
pudgy,22/12/2023
waive,23/12/2023
choir,24/12/2023
stood,25/12/2023
spoke,26/12/2023
outgo,27/12/2023
delay,28/12/2023
bilge,29/12/2023
ideal,30/12/2023
clasp,31/12/2023
seize,01/01/2024
hotly,02/01/2024
laugh,03/01/2024
sieve,04/01/2024
block,05/01/2024
meant,06/01/2024
grape,07/01/2024
noose,08/01/2024
hardy,09/01/2024
shied,10/01/2024
drawl,11/01/2024
daisy,12/01/2024
putty,13/01/2024
strut,14/01/2024
burnt,15/01/2024
tulip,16/01/2024
crick,17/01/2024
idyll,18/01/2024
vixen,19/01/2024
furor,20/01/2024
geeky,21/01/2024
cough,22/01/2024
naive,23/01/2024
shoal,24/01/2024
stork,25/01/2024
bathe,26/01/2024
aunty,27/01/2024
check,28/01/2024
prime,29/01/2024
brass,30/01/2024
outer,31/01/2024
furry,01/02/2024
razor,02/02/2024
elect,03/02/2024
evict,04/02/2024
imply,05/02/2024
demur,06/02/2024
quota,07/02/2024
haven,08/02/2024
cavil,09/02/2024
swear,10/02/2024
crump,11/02/2024
dough,12/02/2024
gavel,13/02/2024
wagon,14/02/2024
salon,15/02/2024
nudge,16/02/2024
harem,17/02/2024
pitch,18/02/2024
sworn,19/02/2024
pupil,20/02/2024
excel,21/02/2024
stony,22/02/2024
cabin,23/02/2024
unzip,24/02/2024
queen,25/02/2024
trout,26/02/2024
polyp,27/02/2024
earth,28/02/2024
storm,29/02/2024
until,01/03/2024
taper,02/03/2024
enter,03/03/2024
child,04/03/2024
adopt,05/03/2024
minor,06/03/2024
fatty,07/03/2024
husky,08/03/2024
brave,09/03/2024
filet,10/03/2024
slime,11/03/2024
glint,12/03/2024
tread,13/03/2024
steal,14/03/2024
regal,15/03/2024
guest,16/03/2024
every,17/03/2024
murky,18/03/2024
share,19/03/2024
spore,20/03/2024
hoist,21/03/2024
buxom,22/03/2024
inner,23/03/2024
otter,24/03/2024
dimly,25/03/2024
level,26/03/2024
sumac,27/03/2024
donut,28/03/2024
stilt,29/03/2024
arena,30/03/2024
sheet,31/03/2024
scrub,01/04/2024
fancy,02/04/2024
slimy,03/04/2024
pearl,04/04/2024
silly,05/04/2024
porch,06/04/2024
dingo,07/04/2024
sepia,08/04/2024
amble,09/04/2024
shady,10/04/2024
bread,11/04/2024
friar,12/04/2024
reign,13/04/2024
dairy,14/04/2024
quill,15/04/2024
cross,16/04/2024
brood,17/04/2024
tuber,18/04/2024
shear,19/04/2024
posit,20/04/2024
blank,21/04/2024
villa,22/04/2024
shank,23/04/2024
piggy,24/04/2024
freak,25/04/2024
which,26/04/2024
among,27/04/2024
fecal,28/04/2024
shell,29/04/2024
would,30/04/2024
algae,01/05/2024
large,02/05/2024
rabbi,03/05/2024
agony,04/05/2024
amuse,05/05/2024
bushy,06/05/2024
copse,07/05/2024
swoon,08/05/2024
knife,09/05/2024
pouch,10/05/2024
ascot,11/05/2024
plane,12/05/2024
crown,13/05/2024
urban,14/05/2024
snide,15/05/2024
relay,16/05/2024
abide,17/05/2024
viola,18/05/2024
rajah,19/05/2024
straw,20/05/2024
dilly,21/05/2024
crash,22/05/2024
amass,23/05/2024
third,24/05/2024
trick,25/05/2024
tutor,26/05/2024
woody,27/05/2024
blurb,28/05/2024
grief,29/05/2024
disco,30/05/2024
where,31/05/2024
sassy,01/06/2024
beach,02/06/2024
sauna,03/06/2024
comic,04/06/2024
clued,05/06/2024
creep,06/06/2024
caste,07/06/2024
graze,08/06/2024
snuff,09/06/2024
frock,10/06/2024
gonad,11/06/2024
drunk,12/06/2024
prong,13/06/2024
lurid,14/06/2024
steel,15/06/2024
halve,16/06/2024
buyer,17/06/2024
vinyl,18/06/2024
utile,19/06/2024
smell,20/06/2024
adage,21/06/2024
worry,22/06/2024
tasty,23/06/2024
local,24/06/2024
trade,25/06/2024
finch,26/06/2024
ashen,27/06/2024
modal,28/06/2024
gaunt,29/06/2024
clove,30/06/2024
enact,01/07/2024
adorn,02/07/2024
roast,03/07/2024
speck,04/07/2024
sheik,05/07/2024
missy,06/07/2024
grunt,07/07/2024
snoop,08/07/2024
party,09/07/2024
touch,10/07/2024
mafia,11/07/2024
emcee,12/07/2024
array,13/07/2024
south,14/07/2024
vapid,15/07/2024
jelly,16/07/2024
skulk,17/07/2024
angst,18/07/2024
tubal,19/07/2024
lower,20/07/2024
crest,21/07/2024
sweat,22/07/2024
cyber,23/07/2024
adore,24/07/2024
tardy,25/07/2024
swami,26/07/2024
notch,27/07/2024
groom,28/07/2024
roach,29/07/2024
hitch,30/07/2024
young,31/07/2024
align,01/08/2024
ready,02/08/2024
frond,03/08/2024
strap,04/08/2024
puree,05/08/2024
realm,06/08/2024
venue,07/08/2024
swarm,08/08/2024
offer,09/08/2024
seven,10/08/2024
dryer,11/08/2024
diary,12/08/2024
dryly,13/08/2024
drank,14/08/2024
acrid,15/08/2024
heady,16/08/2024
theta,17/08/2024
junto,18/08/2024
pixie,19/08/2024
quoth,20/08/2024
bonus,21/08/2024
shalt,22/08/2024
penne,23/08/2024
amend,24/08/2024
datum,25/08/2024
build,26/08/2024
piano,27/08/2024
shelf,28/08/2024
lodge,29/08/2024
suing,30/08/2024
rearm,31/08/2024
coral,01/09/2024
ramen,02/09/2024
worth,03/09/2024
psalm,04/09/2024
infer,05/09/2024
overt,06/09/2024
mayor,07/09/2024
ovoid,08/09/2024
glide,09/09/2024
usage,10/09/2024
poise,11/09/2024
randy,12/09/2024
chuck,13/09/2024
prank,14/09/2024
fishy,15/09/2024
tooth,16/09/2024
ether,17/09/2024
drove,18/09/2024
idler,19/09/2024
swath,20/09/2024
stint,21/09/2024
while,22/09/2024
begat,23/09/2024
apply,24/09/2024
slang,25/09/2024
tarot,26/09/2024
radar,27/09/2024
credo,28/09/2024
aware,29/09/2024
canon,30/09/2024
shift,01/10/2024
timer,02/10/2024
bylaw,03/10/2024
serum,04/10/2024
three,05/10/2024
steak,06/10/2024
iliac,07/10/2024
shirk,08/10/2024
blunt,09/10/2024
puppy,10/10/2024
penal,11/10/2024
joist,12/10/2024
bunny,13/10/2024
shape,14/10/2024
beget,15/10/2024
wheel,16/10/2024
adept,17/10/2024
stunt,18/10/2024
stole,19/10/2024
topaz,20/10/2024
chore,21/10/2024
fluke,22/10/2024
afoot,23/10/2024
bloat,24/10/2024
bully,25/10/2024
dense,26/10/2024
caper,27/10/2024
sneer,28/10/2024
boxer,29/10/2024
jumbo,30/10/2024
lunge,31/10/2024
space,01/11/2024
avail,02/11/2024
short,03/11/2024
slurp,04/11/2024
loyal,05/11/2024
flirt,06/11/2024
pizza,07/11/2024
conch,08/11/2024
tempo,09/11/2024
droop,10/11/2024
plate,11/11/2024
bible,12/11/2024
plunk,13/11/2024
afoul,14/11/2024
savoy,15/11/2024
steep,16/11/2024
agile,17/11/2024
stake,18/11/2024
dwell,19/11/2024
knave,20/11/2024
beard,21/11/2024
arose,22/11/2024
motif,23/11/2024
smash,24/11/2024
broil,25/11/2024
glare,26/11/2024
shove,27/11/2024
baggy,28/11/2024
mammy,29/11/2024
swamp,30/11/2024
along,01/12/2024
rugby,02/12/2024
wager,03/12/2024
quack,04/12/2024
squat,05/12/2024
snaky,06/12/2024
debit,07/12/2024
mange,08/12/2024
skate,09/12/2024
ninth,10/12/2024
joust,11/12/2024
tramp,12/12/2024
spurn,13/12/2024
medal,14/12/2024
micro,15/12/2024
rebel,16/12/2024
flank,17/12/2024
learn,18/12/2024
nadir,19/12/2024
maple,20/12/2024
comfy,21/12/2024
remit,22/12/2024
gruff,23/12/2024
ester,24/12/2024
least,25/12/2024
mogul,26/12/2024
fetch,27/12/2024
cause,28/12/2024
oaken,29/12/2024
aglow,30/12/2024
meaty,31/12/2024
gaffe,01/01/2025
shyly,02/01/2025
racer,03/01/2025
prowl,04/01/2025
thief,05/01/2025
stern,06/01/2025
poesy,07/01/2025
rocky,08/01/2025
tweet,09/01/2025
waist,10/01/2025
spire,11/01/2025
grope,12/01/2025
havoc,13/01/2025
patsy,14/01/2025
truly,15/01/2025
forty,16/01/2025
deity,17/01/2025
uncle,18/01/2025
swish,19/01/2025
giver,20/01/2025
preen,21/01/2025
bevel,22/01/2025
lemur,23/01/2025
draft,24/01/2025
slope,25/01/2025
annoy,26/01/2025
lingo,27/01/2025
bleak,28/01/2025
ditty,29/01/2025
curly,30/01/2025
cedar,31/01/2025
dirge,01/02/2025
grown,02/02/2025
horde,03/02/2025
drool,04/02/2025
shuck,05/02/2025
crypt,06/02/2025
cumin,07/02/2025
stock,08/02/2025
gravy,09/02/2025
locus,10/02/2025
wider,11/02/2025
breed,12/02/2025
quite,13/02/2025
chafe,14/02/2025
cache,15/02/2025
blimp,16/02/2025
deign,17/02/2025
fiend,18/02/2025
logic,19/02/2025
cheap,20/02/2025
elide,21/02/2025
rigid,22/02/2025
FALSE,23/02/2025
renal,24/02/2025
pence,25/02/2025
rowdy,26/02/2025
shoot,27/02/2025
blaze,28/02/2025
envoy,01/03/2025
posse,02/03/2025
brief,03/03/2025
never,04/03/2025
abort,05/03/2025
mouse,06/03/2025
mucky,07/03/2025
sulky,08/03/2025
fiery,09/03/2025
media,10/03/2025
trunk,11/03/2025
yeast,12/03/2025
clear,13/03/2025
skunk,14/03/2025
scalp,15/03/2025
bitty,16/03/2025
cider,17/03/2025
koala,18/03/2025
duvet,19/03/2025
segue,20/03/2025
creme,21/03/2025
super,22/03/2025
grill,23/03/2025
after,24/03/2025
owner,25/03/2025
ember,26/03/2025
reach,27/03/2025
nobly,28/03/2025
empty,29/03/2025
speed,30/03/2025
gipsy,31/03/2025
recur,01/04/2025
smock,02/04/2025
dread,03/04/2025
merge,04/04/2025
burst,05/04/2025
kappa,06/04/2025
amity,07/04/2025
shaky,08/04/2025
hover,09/04/2025
carol,10/04/2025
snort,11/04/2025
synod,12/04/2025
faint,13/04/2025
haunt,14/04/2025
flour,15/04/2025
chair,16/04/2025
detox,17/04/2025
shrew,18/04/2025
tense,19/04/2025
plied,20/04/2025
quark,21/04/2025
burly,22/04/2025
novel,23/04/2025
waxen,24/04/2025
stoic,25/04/2025
jerky,26/04/2025
blitz,27/04/2025
beefy,28/04/2025
lyric,29/04/2025
hussy,30/04/2025
towel,01/05/2025
quilt,02/05/2025
below,03/05/2025
bingo,04/05/2025
wispy,05/05/2025
brash,06/05/2025
scone,07/05/2025
toast,08/05/2025
easel,09/05/2025
saucy,10/05/2025
value,11/05/2025
spice,12/05/2025
honor,13/05/2025
route,14/05/2025
sharp,15/05/2025
bawdy,16/05/2025
radii,17/05/2025
skull,18/05/2025
phony,19/05/2025
issue,20/05/2025
lager,21/05/2025
swell,22/05/2025
urine,23/05/2025
gassy,24/05/2025
trial,25/05/2025
flora,26/05/2025
upper,27/05/2025
latch,28/05/2025
wight,29/05/2025
brick,30/05/2025
retry,31/05/2025
holly,01/06/2025
decal,02/06/2025
grass,03/06/2025
shack,04/06/2025
dogma,05/06/2025
mover,06/06/2025
defer,07/06/2025
sober,08/06/2025
optic,09/06/2025
crier,10/06/2025
vying,11/06/2025
nomad,12/06/2025
flute,13/06/2025
hippo,14/06/2025
shark,15/06/2025
drier,16/06/2025
obese,17/06/2025
bugle,18/06/2025
tawny,19/06/2025
chalk,20/06/2025
feast,21/06/2025
ruddy,22/06/2025
pedal,23/06/2025
scarf,24/06/2025
cruel,25/06/2025
bleat,26/06/2025
tidal,27/06/2025
slush,28/06/2025
semen,29/06/2025
windy,30/06/2025
dusty,01/07/2025
sally,02/07/2025
igloo,03/07/2025
nerdy,04/07/2025
jewel,05/07/2025
shone,06/07/2025
whale,07/07/2025
hymen,08/07/2025
abuse,09/07/2025
fugue,10/07/2025
elbow,11/07/2025
crumb,12/07/2025
pansy,13/07/2025
welsh,14/07/2025
syrup,15/07/2025
terse,16/07/2025
suave,17/07/2025
gamut,18/07/2025
swung,19/07/2025
drake,20/07/2025
freed,21/07/2025
afire,22/07/2025
shirt,23/07/2025
grout,24/07/2025
oddly,25/07/2025
tithe,26/07/2025
plaid,27/07/2025
dummy,28/07/2025
broom,29/07/2025
blind,30/07/2025
torch,31/07/2025
enemy,01/08/2025
again,02/08/2025
tying,03/08/2025
pesky,04/08/2025
alter,05/08/2025
gazer,06/08/2025
noble,07/08/2025
ethos,08/08/2025
bride,09/08/2025
extol,10/08/2025
decor,11/08/2025
hobby,12/08/2025
beast,13/08/2025
idiom,14/08/2025
utter,15/08/2025
these,16/08/2025
sixth,17/08/2025
alarm,18/08/2025
erase,19/08/2025
elegy,20/08/2025
spunk,21/08/2025
piper,22/08/2025
scaly,23/08/2025
scold,24/08/2025
hefty,25/08/2025
chick,26/08/2025
sooty,27/08/2025
canal,28/08/2025
whiny,29/08/2025
slash,30/08/2025
quake,31/08/2025
joint,01/09/2025
swept,02/09/2025
prude,03/09/2025
heavy,04/09/2025
wield,05/09/2025
femme,06/09/2025
lasso,07/09/2025
maize,08/09/2025
shale,09/09/2025
screw,10/09/2025
spree,11/09/2025
smoky,12/09/2025
whiff,13/09/2025
scent,14/09/2025
glade,15/09/2025
spent,16/09/2025
prism,17/09/2025
stoke,18/09/2025
riper,19/09/2025
orbit,20/09/2025
cocoa,21/09/2025
guilt,22/09/2025
humus,23/09/2025
shush,24/09/2025
table,25/09/2025
smirk,26/09/2025
wrong,27/09/2025
noisy,28/09/2025
alert,29/09/2025
shiny,30/09/2025
elate,01/10/2025
resin,02/10/2025
whole,03/10/2025
hunch,04/10/2025
pixel,05/10/2025
polar,06/10/2025
hotel,07/10/2025
sword,08/10/2025
cleat,09/10/2025
mango,10/10/2025
rumba,11/10/2025
puffy,12/10/2025
filly,13/10/2025
billy,14/10/2025
leash,15/10/2025
clout,16/10/2025
dance,17/10/2025
ovate,18/10/2025
facet,19/10/2025
chili,20/10/2025
paint,21/10/2025
liner,22/10/2025
curio,23/10/2025
salty,24/10/2025
audio,25/10/2025
snake,26/10/2025
fable,27/10/2025
cloak,28/10/2025
navel,29/10/2025
spurt,30/10/2025
pesto,31/10/2025
balmy,01/11/2025
flash,02/11/2025
unwed,03/11/2025
early,04/11/2025
churn,05/11/2025
weedy,06/11/2025
stump,07/11/2025
lease,08/11/2025
witty,09/11/2025
wimpy,10/11/2025
spoof,11/11/2025
saner,12/11/2025
blend,13/11/2025
salsa,14/11/2025
thick,15/11/2025
warty,16/11/2025
manic,17/11/2025
blare,18/11/2025
squib,19/11/2025
spoon,20/11/2025
probe,21/11/2025
crepe,22/11/2025
knack,23/11/2025
force,24/11/2025
debut,25/11/2025
order,26/11/2025
haste,27/11/2025
teeth,28/11/2025
agent,29/11/2025
widen,30/11/2025
icily,01/12/2025
slice,02/12/2025
ingot,03/12/2025
clash,04/12/2025
juror,05/12/2025
blood,06/12/2025
abode,07/12/2025
throw,08/12/2025
unity,09/12/2025
pivot,10/12/2025
slept,11/12/2025
troop,12/12/2025
spare,13/12/2025
sewer,14/12/2025
parse,15/12/2025
morph,16/12/2025
cacti,17/12/2025
tacky,18/12/2025
spool,19/12/2025
demon,20/12/2025
moody,21/12/2025
annex,22/12/2025
begin,23/12/2025
fuzzy,24/12/2025
patch,25/12/2025
water,26/12/2025
lumpy,27/12/2025
admin,28/12/2025
omega,29/12/2025
limit,30/12/2025
tabby,31/12/2025
macho,01/01/2026
aisle,02/01/2026
skiff,03/01/2026
basis,04/01/2026
plank,05/01/2026
verge,06/01/2026
botch,07/01/2026
crawl,08/01/2026
lousy,09/01/2026
slain,10/01/2026
cubic,11/01/2026
raise,12/01/2026
wrack,13/01/2026
guide,14/01/2026
foist,15/01/2026
cameo,16/01/2026
under,17/01/2026
actor,18/01/2026
revue,19/01/2026
fraud,20/01/2026
harpy,21/01/2026
scoop,22/01/2026
climb,23/01/2026
refer,24/01/2026
olden,25/01/2026
clerk,26/01/2026
debar,27/01/2026
tally,28/01/2026
ethic,29/01/2026
cairn,30/01/2026
tulle,31/01/2026
ghoul,01/02/2026
hilly,02/02/2026
crude,03/02/2026
apart,04/02/2026
scale,05/02/2026
older,06/02/2026
plain,07/02/2026
sperm,08/02/2026
briny,09/02/2026
abbot,10/02/2026
rerun,11/02/2026
quest,12/02/2026
crisp,13/02/2026
bound,14/02/2026
befit,15/02/2026
drawn,16/02/2026
suite,17/02/2026
itchy,18/02/2026
cheer,19/02/2026
bagel,20/02/2026
guess,21/02/2026
broad,22/02/2026
axiom,23/02/2026
chard,24/02/2026
caput,25/02/2026
leant,26/02/2026
harsh,27/02/2026
curse,28/02/2026
proud,01/03/2026
swing,02/03/2026
opine,03/03/2026
taste,04/03/2026
lupus,05/03/2026
gumbo,06/03/2026
miner,07/03/2026
green,08/03/2026
chasm,09/03/2026
lipid,10/03/2026
topic,11/03/2026
armor,12/03/2026
brush,13/03/2026
crane,14/03/2026
mural,15/03/2026
abled,16/03/2026
habit,17/03/2026
bossy,18/03/2026
maker,19/03/2026
dusky,20/03/2026
dizzy,21/03/2026
lithe,22/03/2026
brook,23/03/2026
jazzy,24/03/2026
fifty,25/03/2026
sense,26/03/2026
giant,27/03/2026
surly,28/03/2026
legal,29/03/2026
fatal,30/03/2026
flunk,31/03/2026
began,01/04/2026
prune,02/04/2026
small,03/04/2026
slant,04/04/2026
scoff,05/04/2026
torus,06/04/2026
ninny,07/04/2026
covey,08/04/2026
viper,09/04/2026
taken,10/04/2026
moral,11/04/2026
vogue,12/04/2026
owing,13/04/2026
token,14/04/2026
entry,15/04/2026
booth,16/04/2026
voter,17/04/2026
chide,18/04/2026
elfin,19/04/2026
ebony,20/04/2026
neigh,21/04/2026
minim,22/04/2026
melon,23/04/2026
kneed,24/04/2026
decoy,25/04/2026
voila,26/04/2026
ankle,27/04/2026
arrow,28/04/2026
mushy,29/04/2026
tribe,30/04/2026
cease,01/05/2026
eager,02/05/2026
birth,03/05/2026
graph,04/05/2026
odder,05/05/2026
terra,06/05/2026
weird,07/05/2026
tried,08/05/2026
clack,09/05/2026
color,10/05/2026
rough,11/05/2026
weigh,12/05/2026
uncut,13/05/2026
ladle,14/05/2026
strip,15/05/2026
craft,16/05/2026
minus,17/05/2026
dicey,18/05/2026
titan,19/05/2026
lucid,20/05/2026
vicar,21/05/2026
dress,22/05/2026
ditch,23/05/2026
gypsy,24/05/2026
pasta,25/05/2026
taffy,26/05/2026
flame,27/05/2026
swoop,28/05/2026
aloof,29/05/2026
sight,30/05/2026
broke,31/05/2026
teary,01/06/2026
chart,02/06/2026
sixty,03/06/2026
wordy,04/06/2026
sheer,05/06/2026
leper,06/06/2026
nosey,07/06/2026
bulge,08/06/2026
savor,09/06/2026
clamp,10/06/2026
funky,11/06/2026
foamy,12/06/2026
toxic,13/06/2026
brand,14/06/2026
plumb,15/06/2026
dingy,16/06/2026
butte,17/06/2026
drill,18/06/2026
tripe,19/06/2026
bicep,20/06/2026
tenor,21/06/2026
krill,22/06/2026
worse,23/06/2026
drama,24/06/2026
hyena,25/06/2026
think,26/06/2026
ratio,27/06/2026
cobra,28/06/2026
basil,29/06/2026
scrum,30/06/2026
bused,01/07/2026
phone,02/07/2026
court,03/07/2026
camel,04/07/2026
proof,05/07/2026
heard,06/07/2026
angel,07/07/2026
petal,08/07/2026
pouty,09/07/2026
throb,10/07/2026
maybe,11/07/2026
fetal,12/07/2026
sprig,13/07/2026
spine,14/07/2026
shout,15/07/2026
cadet,16/07/2026
macro,17/07/2026
dodgy,18/07/2026
satyr,19/07/2026
rarer,20/07/2026
binge,21/07/2026
trend,22/07/2026
nutty,23/07/2026
leapt,24/07/2026
amiss,25/07/2026
split,26/07/2026
myrrh,27/07/2026
width,28/07/2026
sonar,29/07/2026
tower,30/07/2026
baron,31/07/2026
fever,01/08/2026
waver,02/08/2026
spark,03/08/2026
belie,04/08/2026
sloop,05/08/2026
expel,06/08/2026
smote,07/08/2026
baler,08/08/2026
above,09/08/2026
north,10/08/2026
wafer,11/08/2026
scant,12/08/2026
frill,13/08/2026
awash,14/08/2026
snack,15/08/2026
scowl,16/08/2026
frail,17/08/2026
drift,18/08/2026
limbo,19/08/2026
fence,20/08/2026
motel,21/08/2026
ounce,22/08/2026
wreak,23/08/2026
revel,24/08/2026
talon,25/08/2026
prior,26/08/2026
knelt,27/08/2026
cello,28/08/2026
flake,29/08/2026
debug,30/08/2026
anode,31/08/2026
crime,01/09/2026
salve,02/09/2026
scout,03/09/2026
imbue,04/09/2026
pinky,05/09/2026
stave,06/09/2026
vague,07/09/2026
chock,08/09/2026
fight,09/09/2026
video,10/09/2026
stone,11/09/2026
teach,12/09/2026
cleft,13/09/2026
frost,14/09/2026
prawn,15/09/2026
booty,16/09/2026
twist,17/09/2026
apnea,18/09/2026
stiff,19/09/2026
plaza,20/09/2026
ledge,21/09/2026
tweak,22/09/2026
board,23/09/2026
grant,24/09/2026
medic,25/09/2026
bacon,26/09/2026
cable,27/09/2026
brawl,28/09/2026
slunk,29/09/2026
raspy,30/09/2026
forum,01/10/2026
drone,02/10/2026
women,03/10/2026
mucus,04/10/2026
boast,05/10/2026
toddy,06/10/2026
coven,07/10/2026
tumor,08/10/2026
truer,09/10/2026
wrath,10/10/2026
stall,11/10/2026
steam,12/10/2026
axial,13/10/2026
purer,14/10/2026
daily,15/10/2026
trail,16/10/2026
niche,17/10/2026
mealy,18/10/2026
juice,19/10/2026
nylon,20/10/2026
plump,21/10/2026
merry,22/10/2026
flail,23/10/2026
papal,24/10/2026
wheat,25/10/2026
berry,26/10/2026
cower,27/10/2026
erect,28/10/2026
brute,29/10/2026
leggy,30/10/2026
snipe,31/10/2026
sinew,01/11/2026
skier,02/11/2026
penny,03/11/2026
jumpy,04/11/2026
rally,05/11/2026
umbra,06/11/2026
scary,07/11/2026
modem,08/11/2026
gross,09/11/2026
avian,10/11/2026
greed,11/11/2026
satin,12/11/2026
tonic,13/11/2026
parka,14/11/2026
sniff,15/11/2026
livid,16/11/2026
stark,17/11/2026
trump,18/11/2026
giddy,19/11/2026
reuse,20/11/2026
taboo,21/11/2026
avoid,22/11/2026
quote,23/11/2026
devil,24/11/2026
liken,25/11/2026
gloss,26/11/2026
gayer,27/11/2026
beret,28/11/2026
noise,29/11/2026
gland,30/11/2026
dealt,01/12/2026
sling,02/12/2026
rumor,03/12/2026
opera,04/12/2026
thigh,05/12/2026
tonga,06/12/2026
flare,07/12/2026
wound,08/12/2026
white,09/12/2026
bulky,10/12/2026
etude,11/12/2026
horse,12/12/2026
circa,13/12/2026
paddy,14/12/2026
inbox,15/12/2026
fizzy,16/12/2026
grain,17/12/2026
exert,18/12/2026
surge,19/12/2026
gleam,20/12/2026
belle,21/12/2026
salvo,22/12/2026
crush,23/12/2026
fruit,24/12/2026
sappy,25/12/2026
taker,26/12/2026
tract,27/12/2026
ovine,28/12/2026
spiky,29/12/2026
frank,30/12/2026
reedy,31/12/2026
filth,01/01/2027
spasm,02/01/2027
heave,03/01/2027
mambo,04/01/2027
right,05/01/2027
clank,06/01/2027
trust,07/01/2027
lumen,08/01/2027
borne,09/01/2027
spook,10/01/2027
sauce,11/01/2027
amber,12/01/2027
lathe,13/01/2027
carat,14/01/2027
corer,15/01/2027
dirty,16/01/2027
slyly,17/01/2027
affix,18/01/2027
alloy,19/01/2027
taint,20/01/2027
sheep,21/01/2027
kinky,22/01/2027
wooly,23/01/2027
mauve,24/01/2027
flung,25/01/2027
yacht,26/01/2027
fried,27/01/2027
quail,28/01/2027
brunt,29/01/2027
grimy,30/01/2027
curvy,31/01/2027
cagey,01/02/2027
rinse,02/02/2027
deuce,03/02/2027
state,04/02/2027
grasp,05/02/2027
milky,06/02/2027
bison,07/02/2027
graft,08/02/2027
sandy,09/02/2027
baste,10/02/2027
flask,11/02/2027
hedge,12/02/2027
girly,13/02/2027
swash,14/02/2027
boney,15/02/2027
coupe,16/02/2027
endow,17/02/2027
abhor,18/02/2027
welch,19/02/2027
blade,20/02/2027
tight,21/02/2027
geese,22/02/2027
miser,23/02/2027
mirth,24/02/2027
cloud,25/02/2027
cabal,26/02/2027
leech,27/02/2027
close,28/02/2027
tenth,01/03/2027
pecan,02/03/2027
droit,03/03/2027
grail,04/03/2027
clone,05/03/2027
guise,06/03/2027
ralph,07/03/2027
tango,08/03/2027
biddy,09/03/2027
smith,10/03/2027
mower,11/03/2027
payee,12/03/2027
serif,13/03/2027
drape,14/03/2027
fifth,15/03/2027
spank,16/03/2027
glaze,17/03/2027
allot,18/03/2027
truck,19/03/2027
kayak,20/03/2027
virus,21/03/2027
testy,22/03/2027
tepee,23/03/2027
fully,24/03/2027
zonal,25/03/2027
metro,26/03/2027
curry,27/03/2027
grand,28/03/2027
banjo,29/03/2027
axion,30/03/2027
bezel,31/03/2027
occur,01/04/2027
chain,02/04/2027
nasal,03/04/2027
gooey,04/04/2027
filer,05/04/2027
brace,06/04/2027
allay,07/04/2027
pubic,08/04/2027
raven,09/04/2027
plead,10/04/2027
gnash,11/04/2027
flaky,12/04/2027
munch,13/04/2027
dully,14/04/2027
eking,15/04/2027
thing,16/04/2027
slink,17/04/2027
hurry,18/04/2027
theft,19/04/2027
shorn,20/04/2027
pygmy,21/04/2027
ranch,22/04/2027
wring,23/04/2027
lemon,24/04/2027
shore,25/04/2027
mamma,26/04/2027
froze,27/04/2027
newer,28/04/2027
style,29/04/2027
moose,30/04/2027
antic,01/05/2027
drown,02/05/2027
vegan,03/05/2027
chess,04/05/2027
guppy,05/05/2027
union,06/05/2027
lever,07/05/2027
lorry,08/05/2027
image,09/05/2027
cabby,10/05/2027
druid,11/05/2027
exact,12/05/2027
truth,13/05/2027
dopey,14/05/2027
spear,15/05/2027
cried,16/05/2027
chime,17/05/2027
crony,18/05/2027
stunk,19/05/2027
timid,20/05/2027
batch,21/05/2027
gauge,22/05/2027
rotor,23/05/2027
crack,24/05/2027
curve,25/05/2027
latte,26/05/2027
witch,27/05/2027
bunch,28/05/2027
repel,29/05/2027
anvil,30/05/2027
soapy,31/05/2027
meter,01/06/2027
broth,02/06/2027
madly,03/06/2027
dried,04/06/2027
scene,05/06/2027
known,06/06/2027
magma,07/06/2027
roost,08/06/2027
woman,09/06/2027
thong,10/06/2027
punch,11/06/2027
pasty,12/06/2027
downy,13/06/2027
knead,14/06/2027
whirl,15/06/2027
rapid,16/06/2027
clang,17/06/2027
anger,18/06/2027
drive,19/06/2027
goofy,20/06/2027
email,21/06/2027
music,22/06/2027
stuff,23/06/2027
bleep,24/06/2027
rider,25/06/2027
mecca,26/06/2027
folio,27/06/2027
setup,28/06/2027
verso,29/06/2027
quash,30/06/2027
fauna,01/07/2027
gummy,02/07/2027
happy,03/07/2027
newly,04/07/2027
fussy,05/07/2027
relic,06/07/2027
guava,07/07/2027
ratty,08/07/2027
fudge,09/07/2027
femur,10/07/2027
chirp,11/07/2027
forte,12/07/2027
alibi,13/07/2027
whine,14/07/2027
petty,15/07/2027
golly,16/07/2027
plait,17/07/2027
fleck,18/07/2027
felon,19/07/2027
gourd,20/07/2027
brown,21/07/2027
thrum,22/07/2027
ficus,23/07/2027
stash,24/07/2027
decry,25/07/2027
wiser,26/07/2027
junta,27/07/2027
visor,28/07/2027
daunt,29/07/2027
scree,30/07/2027
impel,31/07/2027
await,01/08/2027
press,02/08/2027
whose,03/08/2027
turbo,04/08/2027
stoop,05/08/2027
speak,06/08/2027
mangy,07/08/2027
eying,08/08/2027
inlet,09/08/2027
crone,10/08/2027
pulse,11/08/2027
mossy,12/08/2027
staid,13/08/2027
hence,14/08/2027
pinch,15/08/2027
teddy,16/08/2027
sully,17/08/2027
snore,18/08/2027
ripen,19/08/2027
snowy,20/08/2027
attic,21/08/2027
going,22/08/2027
leach,23/08/2027
mouth,24/08/2027
hound,25/08/2027
clump,26/08/2027
tonal,27/08/2027
bigot,28/08/2027
peril,29/08/2027
piece,30/08/2027
blame,31/08/2027
haute,01/09/2027
spied,02/09/2027
undid,03/09/2027
intro,04/09/2027
basal,05/09/2027
shine,06/09/2027
gecko,07/09/2027
rodeo,08/09/2027
guard,09/09/2027
steer,10/09/2027
loamy,11/09/2027
scamp,12/09/2027
scram,13/09/2027
manly,14/09/2027
hello,15/09/2027
vaunt,16/09/2027
organ,17/09/2027
feral,18/09/2027
knock,19/09/2027
extra,20/09/2027
condo,21/09/2027
adapt,22/09/2027
willy,23/09/2027
polka,24/09/2027
rayon,25/09/2027
skirt,26/09/2027
faith,27/09/2027
torso,28/09/2027
match,29/09/2027
mercy,30/09/2027
tepid,01/10/2027
sleek,02/10/2027
riser,03/10/2027
twixt,04/10/2027
peace,05/10/2027
flush,06/10/2027
catty,07/10/2027
login,08/10/2027
eject,09/10/2027
roger,10/10/2027
rival,11/10/2027
untie,12/10/2027
refit,13/10/2027
aorta,14/10/2027
adult,15/10/2027
judge,16/10/2027
rower,17/10/2027
artsy,18/10/2027
rural,19/10/2027
shave,20/10/2027
